Workbook
Name OLE_LINK1: Descripción!#REF!

Sheet Registro de Información
A1: Fecha_corte_informacion_reportada | B1: Mineral | C1: Titulo_minero | D1: Unidad_de_medida_inventarios | E1: Inventario_inicial_acopio | F1: Inventario_final_acopio | G1: Ingreso_acopio | H1: Salida_acopio
A2: 45747 | B2: ARENAS | C2: 816-17 | D2: =IFERROR(VLOOKUP(B2,Listado!$A$1048569:$B$1048576,2,),"") -> m3 | E2: 2011.5 | F2: 2854.2 | G2: 2854.2 | H2: 2854.2
A3: 45747 | B3: GRAVAS | C3: 816-17 | D3: =IFERROR(VLOOKUP(B3,Listado!$A$1048569:$B$1048576,2,),"") -> m3 | E3: 4693.5 | F3: 6659.8 | G3: 6659.8 | H3: 6659.8
D4: =IFERROR(VLOOKUP(B4,Listado!$A$1048569:$B$1048576,2,),"")
D5: =IFERROR(VLOOKUP(B5,Listado!$A$1048569:$B$1048576,2,),"")
D6: =IFERROR(VLOOKUP(B6,Listado!$A$1048569:$B$1048576,2,),"")
D7: =IFERROR(VLOOKUP(B7,Listado!$A$1048569:$B$1048576,2,),"")
D8: =IFERROR(VLOOKUP(B8,Listado!$A$1048569:$B$1048576,2,),"")
D9: =IFERROR(VLOOKUP(B9,Listado!$A$1048569:$B$1048576,2,),"")
D10: =IFERROR(VLOOKUP(B10,Listado!$A$1048569:$B$1048576,2,),"")
D11: =IFERROR(VLOOKUP(B11,Listado!$A$1048569:$B$1048576,2,),"")
D12: =IFERROR(VLOOKUP(B12,Listado!$A$1048569:$B$1048576,2,),"")
D13: =IFERROR(VLOOKUP(B13,Listado!$A$1048569:$B$1048576,2,),"")
D14: =IFERROR(VLOOKUP(B14,Listado!$A$1048569:$B$1048576,2,),"")
D15: =IFERROR(VLOOKUP(B15,Listado!$A$1048569:$B$1048576,2,),"")
... D100: =IFERROR(VLOOKUP(B100,Listado!$A$1048569:$B$1048576,2,),"")

Sheet Descripción
B2: Formato de registro de Información - Mineral: Materiales de Construcción - Contenido: Inventarios
B3: 1. Nombre Físico | D3: Inventarios_TITULAR_DDMMAA.XLSX
B4: 1.1 Regla de Fecha | D4: Fecha: debe corresponder a la fecha del corte del periodo que está cargando. Ej. Si el archivo se desea cargar corresponde al mes de diciembre de 2020, la referencia de la fecha debe ser 301121 El nombre completo del archivo seria: inventarios_TIT_311220.xlsx
B5: 1.2 Extensión | D5: .xlsx à Archivo xlsx
B6: 2. Descripción del Archivo
B7: 2.1 Contenido del archivo: | D7: Archivo con la información relacionada con los inventarios
B8: 2.1 Frecuencia de reporte | D8: Mensual
B9: 2.2 Detalle de la información | D9: Corte al ultimo día del mes
B10: 3.Características del Archivo
B11: 3.1 Tabla de caracteres: ASCII
B12: 3.2 Tipo de archivo: xlsx
B13: 4. Descripción de los Campos
B14: 4.1 Registro Detalle
B15: Nombre campo | D15: Tipo de Dato | E15: Descripción
B16: Fecha_corte_informacion_reportada | D16: Fecha | E16: Fecha de cada registro con las cifras de inventarios (formato DD/MM/AAAA), con corte al ultimo día de cada mes que conforma el trimestre. (colocar la fecha final de cada corte) | F16: Variable
B17: Mineral | D17: Alfanumérico | E17: Nombre del mineral explotado, de acuerdo con lo reportado en la declaración de regalías (Clasificación UPME) | F17: Variable
B18: Titulo_minero | D18: Alfanumérico | E18: Instrumento/Documento en el cual el Estado Colombiano otorga el derecho a explorar y explotar el suelo y el subsuelo, y sobre el cual se está referenciando la información reportada | F18: Fijo
B19: Unidad_de_medida_inventarios | D19: Alfanumérico | E19: Unidad de medida en la que se expresan las diferentes cifras relacionadas con la producción de acuerdo UPME | F19: Fijo
B20: Inventario_inicial_acopio | D20: Numérico | E20: Cantidad de inventario del mineral al inicio del mes del titulo minero en boca de mina (acopio de mineral antes de planta de beneficio). Valor absoluto a nivel de metros cúbicos. Máximo con dos decimales. | F20: Variable
B21: Inventario_final_acopio | D21: Numérico | E21: Cantidad de inventario del mineral al final del mes del titulo minero en boca de mina (acopio de mineral antes de planta de beneficio). Valor absoluto a nivel de metros cúbicos. Máximo con dos decimales. | F21: Variable
B22: Ingreso_acopio | D22: Numérico | E22: Volumen/Cantidad de material consolidado que ingresa al patio de acopio de material explotado, para mediana y gran minería debería ser medido en bascula. | F22: Variable
B23: Salida_acopio | D23: Numérico | E23: Volumen/Cantidad de material consolidado que sale del patio de acopio de material explotado, para mediana y gran minería debería ser medido en bascula. | F23: Variable
B25: 5. Características Adicionales
B26: 5.1 Validaciones y filtros: El archivo no debe tener Campos en blanco, por lo tanto cuando se trate de campos alfanuméricos se deberá por defecto dejar un Guion "-" en el caso de ausencia de información. Y para campos numéricos cero "0"
B27: 5.2 Manejo de Códigos: Dentro del Formato de registro de Información se incluyen campos de códigos que apoyan la integridad de los datos al momento de centralizar la información de la bodega, por lo tanto se debe colocar los códigos que se maneja en los sistemas fuentes. Si no existe se debe garantizar que la descripción va ser única dentro de los diversos Formatos de registro de Información. (Ej: código de municipio DANE)
B28: 5.3 Método de explotación: Cuando se tienen ambos métodos de explotación para el titulo (cantera y arrastre), se debe diligenciar en 2 filas independientes dentro de la misma sabana la información correspondiente y que aplique para cada método de explotación.
B29: 5.4 En caso de que la operación corresponda a varios títulos, se debe diligenciar toda la información discriminada por cada titulo
B30: 5.4 Para el diligenciamiento del campo "Mineral", el formato de registro de información incluye listas desplegables para facilitar su diligenciamiento, una vez seleccionado un mineral se diligencia automáticamente "Unidad_de_medida_inventarios" (No permite diligenciar manualmente estos campos). En caso de requerirse borrar información ya diligenciada en el formato para los campos "Unidad_de_medida_inventarios", tener en cuenta que esta desaparece automáticamente al borrar la información contenida en el campo "Mineral".
B31: 5.5. Terminología técnica: Los términos técnicos utilizados en el formato están tomados del glosario técnico el cual fue reglamentado en La ley 685 de 2001, Código de Minas vigente, en su Artículo 68 y consiste en una lista de definiciones y términos técnicos en materia minera que serán de obligatorio uso por los particulares y por las autoridades y funcionarios en la elaboración, presentación y expedición de documentos, solicitudes y providencias”.
B32: 6. Información del Documento
B33: 6.1 Versión | D33: 1.4
B34: 6.2 Autor | D34: ANM
B35: 6.3 Fecha de Creación | D35: 45211
B36: 6.4. Control de Versiones
B37: Versión | C37: Fecha | D37: Descripción de la modificación | E37: Quien realiza la modificación
B38: 1.0 | C38: 43763 | D38: Creación Documento | E38: EY (Leonardo Parra)
B39: 1.1 | C39: 44147 | D39: Actualización | E39: ANM (Carlos Arango)
B40: 1.2 | C40: 44573 | D40: Actualización | E40: ANM (Grupo Control a la Producción)
B41: 1.3 | C41: 45211 | D41: Actualización modelo estándar | E41: ANM (Grupo Control a la Producción)
B42: 1.4 | C42: 45505 | D42: Actualización modelo estándar | E42: ANM (Grupo Control a la Producción)

Sheet Listado
A1048568: Mineral | B1048568: Unidad_medida_volumen
A1048569: ARENAS | B1048569: m3
A1048570: ARENAS (DE RIO) | B1048570: m3
A1048571: GRAVAS | B1048571: m3
A1048572: GRAVAS (DE RIO) | B1048572: m3
A1048573: BASALTO | B1048573: t
A1048574: DIABASA | B1048574: m3
A1048575: RECEBO | B1048575: m3
A1048576: ASFALTO NATURAL | B1048576: m3
